images,class
02/000000.png,2
04/000001.png,4
01/000002.png,1
02/000003.png,2
02/000004.png,2
02/000005.png,2
01/000006.png,1
02/000007.png,2
02/000008.png,2
04/000009.png,4
04/000010.png,4
02/000011.png,2
01/000012.png,1
02/000013.png,2
01/000014.png,1
01/000015.png,1
01/000016.png,1
02/000017.png,2
04/000018.png,4
02/000019.png,2
04/000020.png,4
01/000021.png,1
02/000022.png,2
01/000023.png,1
03/000024.png,3
01/000025.png,1
02/000026.png,2
03/000027.png,3
01/000028.png,1
01/000029.png,1
01/000030.png,1
02/000031.png,2
01/000032.png,1
01/000033.png,1
02/000034.png,2
02/000035.png,2
02/000036.png,2
01/000037.png,1
01/000038.png,1
04/000039.png,4
04/000040.png,4
01/000041.png,1
02/000042.png,2
04/000043.png,4
01/000044.png,1
04/000045.png,4
02/000046.png,2
02/000047.png,2
02/000048.png,2
02/000049.png,2
02/000050.png,2
01/000051.png,1
02/000052.png,2
04/000053.png,4
02/000054.png,2
04/000055.png,4
04/000056.png,4
01/000057.png,1
01/000058.png,1
02/000059.png,2
01/000060.png,1
01/000061.png,1
02/000062.png,2
03/000063.png,3
03/000064.png,3
01/000065.png,1
01/000066.png,1
01/000067.png,1
04/000068.png,4
01/000069.png,1
02/000070.png,2
04/000071.png,4
02/000072.png,2
02/000073.png,2
01/000074.png,1
04/000075.png,4
02/000076.png,2
02/000077.png,2
01/000078.png,1
01/000079.png,1
01/000080.png,1
02/000081.png,2
04/000082.png,4
02/000083.png,2
01/000084.png,1
01/000085.png,1
01/000086.png,1
02/000087.png,2
01/000088.png,1
02/000089.png,2
02/000090.png,2
01/000091.png,1
01/000092.png,1
01/000093.png,1
02/000094.png,2
02/000095.png,2
02/000096.png,2
02/000097.png,2
01/000098.png,1
02/000099.png,2
02/000100.png,2
04/000101.png,4
04/000102.png,4
04/000103.png,4
02/000104.png,2
01/000105.png,1
01/000106.png,1
02/000107.png,2
02/000108.png,2
04/000109.png,4
04/000110.png,4
02/000111.png,2
02/000112.png,2
02/000113.png,2
02/000114.png,2
02/000115.png,2
02/000116.png,2
02/000117.png,2
01/000118.png,1
02/000119.png,2
02/000120.png,2
01/000121.png,1
01/000122.png,1
04/000123.png,4
03/000124.png,3
01/000125.png,1
02/000126.png,2
01/000127.png,1
01/000128.png,1
02/000129.png,2
01/000130.png,1
02/000131.png,2
03/000132.png,3
02/000133.png,2
01/000134.png,1
01/000135.png,1
02/000136.png,2
02/000137.png,2
04/000138.png,4
02/000139.png,2
04/000140.png,4
02/000141.png,2
04/000142.png,4
01/000143.png,1
03/000144.png,3
04/000145.png,4
01/000146.png,1
01/000147.png,1
01/000148.png,1
01/000149.png,1
04/000150.png,4
02/000151.png,2
01/000152.png,1
02/000153.png,2
02/000154.png,2
02/000155.png,2
01/000156.png,1
02/000157.png,2
02/000158.png,2
01/000159.png,1
01/000160.png,1
01/000161.png,1
04/000162.png,4
03/000163.png,3
01/000164.png,1
02/000165.png,2
02/000166.png,2
02/000167.png,2
01/000168.png,1
01/000169.png,1
01/000170.png,1
04/000171.png,4
02/000172.png,2
02/000173.png,2
02/000174.png,2
04/000175.png,4
02/000176.png,2
01/000177.png,1
02/000178.png,2
02/000179.png,2
02/000180.png,2
01/000181.png,1
02/000182.png,2
01/000183.png,1
01/000184.png,1
02/000185.png,2
02/000186.png,2
02/000187.png,2
01/000188.png,1
01/000189.png,1
01/000190.png,1
04/000191.png,4
01/000192.png,1
02/000193.png,2
01/000194.png,1
02/000195.png,2
02/000196.png,2
02/000197.png,2
01/000198.png,1
03/000199.png,3
04/000200.png,4
01/000201.png,1
01/000202.png,1
01/000203.png,1
01/000204.png,1
02/000205.png,2
01/000206.png,1
01/000207.png,1
02/000208.png,2
01/000209.png,1
02/000210.png,2
02/000211.png,2
04/000212.png,4
02/000213.png,2
02/000214.png,2
02/000215.png,2
01/000216.png,1
04/000217.png,4
01/000218.png,1
03/000219.png,3
01/000220.png,1
01/000221.png,1
01/000222.png,1
01/000223.png,1
04/000224.png,4
04/000225.png,4
02/000226.png,2
04/000227.png,4
01/000228.png,1
01/000229.png,1
02/000230.png,2
02/000231.png,2
02/000232.png,2
02/000233.png,2
02/000234.png,2
01/000235.png,1
02/000236.png,2
04/000237.png,4
01/000238.png,1
01/000239.png,1
02/000240.png,2
01/000241.png,1
02/000242.png,2
02/000243.png,2
02/000244.png,2
01/000245.png,1
02/000246.png,2
01/000247.png,1
01/000248.png,1
02/000249.png,2
04/000250.png,4
02/000251.png,2
01/000252.png,1
02/000253.png,2
03/000254.png,3
01/000255.png,1
01/000256.png,1
01/000257.png,1
04/000258.png,4
03/000259.png,3
02/000260.png,2
02/000261.png,2
01/000262.png,1
02/000263.png,2
01/000264.png,1
01/000265.png,1
02/000266.png,2
01/000267.png,1
02/000268.png,2
04/000269.png,4
04/000270.png,4
01/000271.png,1
01/000272.png,1
03/000273.png,3
04/000274.png,4
01/000275.png,1
02/000276.png,2
01/000277.png,1
01/000278.png,1
02/000279.png,2
02/000280.png,2
03/000281.png,3
01/000282.png,1
03/000283.png,3
02/000284.png,2
01/000285.png,1
02/000286.png,2
02/000287.png,2
02/000288.png,2
01/000289.png,1
02/000290.png,2
02/000291.png,2
01/000292.png,1
01/000293.png,1
01/000294.png,1
02/000295.png,2
04/000296.png,4
01/000297.png,1
01/000298.png,1
04/000299.png,4
01/000300.png,1
02/000301.png,2
01/000302.png,1
01/000303.png,1
04/000304.png,4
01/000305.png,1
04/000306.png,4
02/000307.png,2
02/000308.png,2
01/000309.png,1
02/000310.png,2
04/000311.png,4
01/000312.png,1
04/000313.png,4
01/000314.png,1
02/000315.png,2
01/000316.png,1
04/000317.png,4
02/000318.png,2
02/000319.png,2
02/000320.png,2
02/000321.png,2
01/000322.png,1
01/000323.png,1
02/000324.png,2
01/000325.png,1
01/000326.png,1
01/000327.png,1
01/000328.png,1
03/000329.png,3
02/000330.png,2
03/000331.png,3
02/000332.png,2
02/000333.png,2
02/000334.png,2
02/000335.png,2
02/000336.png,2
02/000337.png,2
01/000338.png,1
01/000339.png,1
01/000340.png,1
04/000341.png,4
02/000342.png,2
02/000343.png,2
04/000344.png,4
01/000345.png,1
01/000346.png,1
04/000347.png,4
01/000348.png,1
01/000349.png,1
02/000350.png,2
02/000351.png,2
01/000352.png,1
01/000353.png,1
01/000354.png,1
01/000355.png,1
01/000356.png,1
02/000357.png,2
04/000358.png,4
01/000359.png,1
03/000360.png,3
02/000361.png,2
02/000362.png,2
02/000363.png,2
01/000364.png,1
01/000365.png,1
02/000366.png,2
01/000367.png,1
01/000368.png,1
02/000369.png,2
01/000370.png,1
03/000371.png,3
02/000372.png,2
01/000373.png,1
02/000374.png,2
04/000375.png,4
02/000376.png,2
01/000377.png,1
04/000378.png,4
02/000379.png,2
01/000380.png,1
02/000381.png,2
04/000382.png,4
03/000383.png,3
04/000384.png,4
03/000385.png,3
02/000386.png,2
02/000387.png,2
01/000388.png,1
02/000389.png,2
02/000390.png,2
04/000391.png,4
04/000392.png,4
01/000393.png,1
04/000394.png,4
02/000395.png,2
04/000396.png,4
03/000397.png,3
04/000398.png,4
01/000399.png,1
04/000400.png,4
01/000401.png,1
02/000402.png,2
02/000403.png,2
04/000404.png,4
01/000405.png,1
04/000406.png,4
02/000407.png,2
01/000408.png,1
02/000409.png,2
02/000410.png,2
01/000411.png,1
02/000412.png,2
03/000413.png,3
01/000414.png,1
01/000415.png,1
01/000416.png,1
04/000417.png,4
03/000418.png,3
02/000419.png,2
03/000420.png,3
02/000421.png,2
04/000422.png,4
02/000423.png,2
04/000424.png,4
01/000425.png,1
04/000426.png,4
04/000427.png,4
02/000428.png,2
02/000429.png,2
01/000430.png,1
04/000431.png,4
01/000432.png,1
04/000433.png,4
02/000434.png,2
01/000435.png,1
02/000436.png,2
02/000437.png,2
01/000438.png,1
02/000439.png,2
04/000440.png,4
01/000441.png,1
04/000442.png,4
02/000443.png,2
02/000444.png,2
01/000445.png,1
02/000446.png,2
02/000447.png,2
02/000448.png,2
02/000449.png,2
01/000450.png,1
01/000451.png,1
02/000452.png,2
04/000453.png,4
04/000454.png,4
03/000455.png,3
01/000456.png,1
03/000457.png,3
01/000458.png,1
01/000459.png,1
01/000460.png,1
02/000461.png,2
02/000462.png,2
01/000463.png,1
03/000464.png,3
04/000465.png,4
01/000466.png,1
01/000467.png,1
02/000468.png,2
01/000469.png,1
01/000470.png,1
01/000471.png,1
02/000472.png,2
01/000473.png,1
01/000474.png,1
01/000475.png,1
01/000476.png,1
01/000477.png,1
04/000478.png,4
02/000479.png,2
02/000480.png,2
02/000481.png,2
03/000482.png,3
02/000483.png,2
01/000484.png,1
04/000485.png,4
01/000486.png,1
02/000487.png,2
01/000488.png,1
04/000489.png,4
02/000490.png,2
01/000491.png,1
02/000492.png,2
02/000493.png,2
01/000494.png,1
01/000495.png,1
02/000496.png,2
01/000497.png,1
01/000498.png,1
02/000499.png,2
02/000500.png,2
01/000501.png,1
02/000502.png,2
01/000503.png,1
03/000504.png,3
02/000505.png,2
02/000506.png,2
02/000507.png,2
01/000508.png,1
01/000509.png,1
02/000510.png,2
01/000511.png,1
03/000512.png,3
01/000513.png,1
01/000514.png,1
02/000515.png,2
02/000516.png,2
01/000517.png,1
03/000518.png,3
01/000519.png,1
02/000520.png,2
01/000521.png,1
01/000522.png,1
01/000523.png,1
02/000524.png,2
04/000525.png,4
01/000526.png,1
02/000527.png,2
02/000528.png,2
02/000529.png,2
02/000530.png,2
02/000531.png,2
04/000532.png,4
01/000533.png,1
04/000534.png,4
01/000535.png,1
01/000536.png,1
01/000537.png,1
01/000538.png,1
01/000539.png,1
01/000540.png,1
02/000541.png,2
02/000542.png,2
02/000543.png,2
02/000544.png,2
02/000545.png,2
01/000546.png,1
02/000547.png,2
01/000548.png,1
04/000549.png,4
01/000550.png,1
02/000551.png,2
01/000552.png,1
02/000553.png,2
01/000554.png,1
04/000555.png,4
01/000556.png,1
01/000557.png,1
01/000558.png,1
01/000559.png,1
01/000560.png,1
02/000561.png,2
01/000562.png,1
01/000563.png,1
01/000564.png,1
02/000565.png,2
02/000566.png,2
01/000567.png,1
01/000568.png,1
02/000569.png,2
02/000570.png,2
02/000571.png,2
02/000572.png,2
02/000573.png,2
02/000574.png,2
01/000575.png,1
02/000576.png,2
02/000577.png,2
02/000578.png,2
02/000579.png,2
01/000580.png,1
01/000581.png,1
02/000582.png,2
02/000583.png,2
02/000584.png,2
01/000585.png,1
02/000586.png,2
04/000587.png,4
01/000588.png,1
02/000589.png,2
04/000590.png,4
01/000591.png,1
01/000592.png,1
02/000593.png,2
04/000594.png,4
02/000595.png,2
02/000596.png,2
01/000597.png,1
01/000598.png,1
01/000599.png,1
04/000600.png,4
01/000601.png,1
01/000602.png,1
02/000603.png,2
02/000604.png,2
04/000605.png,4
01/000606.png,1
02/000607.png,2
03/000608.png,3
01/000609.png,1
01/000610.png,1
01/000611.png,1
04/000612.png,4
02/000613.png,2
02/000614.png,2
03/000615.png,3
04/000616.png,4
01/000617.png,1
02/000618.png,2
02/000619.png,2
02/000620.png,2
01/000621.png,1
01/000622.png,1
02/000623.png,2
01/000624.png,1
02/000625.png,2
01/000626.png,1
01/000627.png,1
02/000628.png,2
02/000629.png,2
01/000630.png,1
02/000631.png,2
01/000632.png,1
01/000633.png,1
04/000634.png,4
02/000635.png,2
02/000636.png,2
04/000637.png,4
01/000638.png,1
02/000639.png,2
01/000640.png,1
01/000641.png,1
03/000642.png,3
02/000643.png,2
02/000644.png,2
01/000645.png,1
01/000646.png,1
04/000647.png,4
01/000648.png,1
01/000649.png,1
01/000650.png,1
04/000651.png,4
01/000652.png,1
01/000653.png,1
02/000654.png,2
04/000655.png,4
02/000656.png,2
04/000657.png,4
04/000658.png,4
01/000659.png,1
04/000660.png,4
01/000661.png,1
01/000662.png,1
02/000663.png,2
04/000664.png,4
01/000665.png,1
02/000666.png,2
01/000667.png,1
02/000668.png,2
03/000669.png,3
01/000670.png,1
04/000671.png,4
02/000672.png,2
02/000673.png,2
02/000674.png,2
03/000675.png,3
01/000676.png,1
01/000677.png,1
02/000678.png,2
01/000679.png,1
01/000680.png,1
02/000681.png,2
02/000682.png,2
02/000683.png,2
01/000684.png,1
02/000685.png,2
03/000686.png,3
01/000687.png,1
01/000688.png,1
01/000689.png,1
01/000690.png,1
04/000691.png,4
04/000692.png,4
01/000693.png,1
02/000694.png,2
01/000695.png,1
02/000696.png,2
01/000697.png,1
03/000698.png,3
02/000699.png,2
04/000700.png,4
01/000701.png,1
01/000702.png,1
04/000703.png,4
04/000704.png,4
02/000705.png,2
02/000706.png,2
04/000707.png,4
02/000708.png,2
03/000709.png,3
02/000710.png,2
01/000711.png,1
01/000712.png,1
01/000713.png,1
01/000714.png,1
02/000715.png,2
01/000716.png,1
02/000717.png,2
01/000718.png,1
04/000719.png,4
01/000720.png,1
01/000721.png,1
04/000722.png,4
01/000723.png,1
01/000724.png,1
02/000725.png,2
01/000726.png,1
02/000727.png,2
02/000728.png,2
01/000729.png,1
02/000730.png,2
01/000731.png,1
01/000732.png,1
04/000733.png,4
02/000734.png,2
01/000735.png,1
02/000736.png,2
01/000737.png,1
01/000738.png,1
01/000739.png,1
02/000740.png,2
03/000741.png,3
01/000742.png,1
03/000743.png,3
01/000744.png,1
02/000745.png,2
04/000746.png,4
01/000747.png,1
04/000748.png,4
01/000749.png,1
02/000750.png,2
01/000751.png,1
01/000752.png,1
04/000753.png,4
01/000754.png,1
04/000755.png,4
02/000756.png,2
02/000757.png,2
02/000758.png,2
04/000759.png,4
01/000760.png,1
02/000761.png,2
01/000762.png,1
01/000763.png,1
02/000764.png,2
01/000765.png,1
01/000766.png,1
03/000767.png,3
01/000768.png,1
01/000769.png,1
04/000770.png,4
02/000771.png,2
02/000772.png,2
03/000773.png,3
02/000774.png,2
01/000775.png,1
03/000776.png,3
01/000777.png,1
01/000778.png,1
01/000779.png,1
02/000780.png,2
01/000781.png,1
01/000782.png,1
04/000783.png,4
02/000784.png,2
02/000785.png,2
04/000786.png,4
03/000787.png,3
01/000788.png,1
02/000789.png,2
01/000790.png,1
01/000791.png,1
02/000792.png,2
02/000793.png,2
01/000794.png,1
01/000795.png,1
01/000796.png,1
03/000797.png,3
02/000798.png,2
02/000799.png,2
02/000800.png,2
02/000801.png,2
04/000802.png,4
02/000803.png,2
01/000804.png,1
03/000805.png,3
04/000806.png,4
01/000807.png,1
02/000808.png,2
02/000809.png,2
02/000810.png,2
03/000811.png,3
01/000812.png,1
01/000813.png,1
02/000814.png,2
02/000815.png,2
01/000816.png,1
01/000817.png,1
02/000818.png,2
01/000819.png,1
01/000820.png,1
01/000821.png,1
01/000822.png,1
01/000823.png,1
01/000824.png,1
01/000825.png,1
04/000826.png,4
04/000827.png,4
04/000828.png,4
02/000829.png,2
01/000830.png,1
01/000831.png,1
01/000832.png,1
01/000833.png,1
01/000834.png,1
03/000835.png,3
01/000836.png,1
01/000837.png,1
02/000838.png,2
01/000839.png,1
04/000840.png,4
01/000841.png,1
02/000842.png,2
02/000843.png,2
01/000844.png,1
02/000845.png,2
02/000846.png,2
02/000847.png,2
01/000848.png,1
01/000849.png,1
02/000850.png,2
02/000851.png,2
04/000852.png,4
02/000853.png,2
01/000854.png,1
02/000855.png,2
02/000856.png,2
01/000857.png,1
02/000858.png,2
02/000859.png,2
01/000860.png,1
02/000861.png,2
04/000862.png,4
01/000863.png,1
02/000864.png,2
01/000865.png,1
03/000866.png,3
02/000867.png,2
01/000868.png,1
01/000869.png,1
02/000870.png,2
04/000871.png,4
01/000872.png,1
03/000873.png,3
04/000874.png,4
04/000875.png,4
02/000876.png,2
02/000877.png,2
01/000878.png,1
02/000879.png,2
04/000880.png,4
02/000881.png,2
02/000882.png,2
04/000883.png,4
02/000884.png,2
04/000885.png,4
01/000886.png,1
01/000887.png,1
02/000888.png,2
04/000889.png,4
04/000890.png,4
02/000891.png,2
02/000892.png,2
04/000893.png,4
02/000894.png,2
01/000895.png,1
02/000896.png,2
01/000897.png,1
01/000898.png,1
04/000899.png,4
01/000900.png,1
01/000901.png,1
01/000902.png,1
02/000903.png,2
01/000904.png,1
02/000905.png,2
02/000906.png,2
01/000907.png,1
01/000908.png,1
01/000909.png,1
01/000910.png,1
02/000911.png,2
01/000912.png,1
01/000913.png,1
01/000914.png,1
02/000915.png,2
01/000916.png,1
02/000917.png,2
04/000918.png,4
01/000919.png,1
01/000920.png,1
02/000921.png,2
03/000922.png,3
04/000923.png,4
02/000924.png,2
02/000925.png,2
01/000926.png,1
01/000927.png,1
01/000928.png,1
02/000929.png,2
02/000930.png,2
02/000931.png,2
01/000932.png,1
01/000933.png,1
02/000934.png,2
04/000935.png,4
01/000936.png,1
02/000937.png,2
01/000938.png,1
02/000939.png,2
01/000940.png,1
03/000941.png,3
03/000942.png,3
04/000943.png,4
01/000944.png,1
02/000945.png,2
02/000946.png,2
04/000947.png,4
02/000948.png,2
02/000949.png,2
01/000950.png,1
02/000951.png,2
01/000952.png,1
01/000953.png,1
02/000954.png,2
02/000955.png,2
04/000956.png,4
01/000957.png,1
01/000958.png,1
01/000959.png,1
01/000960.png,1
02/000961.png,2
04/000962.png,4
02/000963.png,2
02/000964.png,2
02/000965.png,2
01/000966.png,1
04/000967.png,4
01/000968.png,1
02/000969.png,2
02/000970.png,2
01/000971.png,1
04/000972.png,4
01/000973.png,1
02/000974.png,2
04/000975.png,4
01/000976.png,1
01/000977.png,1
04/000978.png,4
02/000979.png,2
01/000980.png,1
02/000981.png,2
01/000982.png,1
02/000983.png,2
02/000984.png,2
04/000985.png,4
01/000986.png,1
02/000987.png,2
01/000988.png,1
02/000989.png,2
02/000990.png,2
01/000991.png,1
02/000992.png,2
01/000993.png,1
01/000994.png,1
02/000995.png,2
01/000996.png,1
01/000997.png,1
02/000998.png,2
02/000999.png,2
03/001000.png,3
02/001001.png,2
02/001002.png,2
01/001003.png,1
02/001004.png,2
02/001005.png,2
04/001006.png,4
01/001007.png,1
01/001008.png,1
02/001009.png,2
04/001010.png,4
01/001011.png,1
02/001012.png,2
01/001013.png,1
02/001014.png,2
03/001015.png,3
01/001016.png,1
02/001017.png,2
01/001018.png,1
01/001019.png,1
01/001020.png,1
01/001021.png,1
01/001022.png,1
02/001023.png,2
01/001024.png,1
02/001025.png,2
01/001026.png,1
02/001027.png,2
01/001028.png,1
01/001029.png,1
04/001030.png,4
04/001031.png,4
01/001032.png,1
01/001033.png,1
02/001034.png,2
01/001035.png,1
01/001036.png,1
02/001037.png,2
01/001038.png,1
02/001039.png,2
01/001040.png,1
01/001041.png,1
02/001042.png,2
01/001043.png,1
01/001044.png,1
01/001045.png,1
01/001046.png,1
01/001047.png,1
03/001048.png,3
01/001049.png,1
02/001050.png,2
02/001051.png,2
04/001052.png,4
01/001053.png,1
02/001054.png,2
02/001055.png,2
04/001056.png,4
02/001057.png,2
02/001058.png,2
02/001059.png,2
01/001060.png,1
04/001061.png,4
02/001062.png,2
01/001063.png,1
01/001064.png,1
04/001065.png,4
01/001066.png,1
01/001067.png,1
02/001068.png,2
01/001069.png,1
03/001070.png,3
01/001071.png,1
01/001072.png,1
02/001073.png,2
01/001074.png,1
03/001075.png,3
02/001076.png,2
02/001077.png,2
01/001078.png,1
02/001079.png,2
01/001080.png,1
02/001081.png,2
02/001082.png,2
01/001083.png,1
01/001084.png,1
01/001085.png,1
02/001086.png,2
02/001087.png,2
02/001088.png,2
02/001089.png,2
04/001090.png,4
01/001091.png,1
03/001092.png,3
03/001093.png,3
02/001094.png,2
02/001095.png,2
01/001096.png,1
03/001097.png,3
01/001098.png,1
01/001099.png,1
02/001100.png,2
01/001101.png,1
01/001102.png,1
03/001103.png,3
04/001104.png,4
04/001105.png,4
02/001106.png,2
02/001107.png,2
02/001108.png,2
02/001109.png,2
02/001110.png,2
02/001111.png,2
04/001112.png,4
02/001113.png,2
02/001114.png,2
02/001115.png,2
02/001116.png,2
01/001117.png,1
04/001118.png,4
04/001119.png,4
02/001120.png,2
01/001121.png,1
04/001122.png,4
01/001123.png,1
01/001124.png,1
04/001125.png,4
01/001126.png,1
02/001127.png,2
01/001128.png,1
01/001129.png,1
04/001130.png,4
01/001131.png,1
04/001132.png,4
02/001133.png,2
02/001134.png,2
02/001135.png,2
01/001136.png,1
02/001137.png,2
01/001138.png,1
02/001139.png,2
02/001140.png,2
02/001141.png,2
01/001142.png,1
01/001143.png,1
02/001144.png,2
02/001145.png,2
04/001146.png,4
01/001147.png,1
01/001148.png,1
01/001149.png,1
01/001150.png,1
04/001151.png,4
02/001152.png,2
02/001153.png,2
01/001154.png,1
02/001155.png,2
01/001156.png,1
01/001157.png,1
02/001158.png,2
02/001159.png,2
01/001160.png,1
04/001161.png,4
02/001162.png,2
02/001163.png,2
04/001164.png,4
02/001165.png,2
01/001166.png,1
01/001167.png,1
02/001168.png,2
02/001169.png,2
02/001170.png,2
01/001171.png,1
01/001172.png,1
01/001173.png,1
04/001174.png,4
01/001175.png,1
01/001176.png,1
02/001177.png,2
04/001178.png,4
04/001179.png,4
01/001180.png,1
01/001181.png,1
01/001182.png,1
01/001183.png,1
04/001184.png,4
04/001185.png,4
04/001186.png,4
01/001187.png,1
02/001188.png,2
04/001189.png,4
02/001190.png,2
02/001191.png,2
02/001192.png,2
03/001193.png,3
02/001194.png,2
01/001195.png,1
04/001196.png,4
02/001197.png,2
01/001198.png,1
02/001199.png,2
04/001200.png,4
02/001201.png,2
02/001202.png,2
01/001203.png,1
01/001204.png,1
01/001205.png,1
01/001206.png,1
01/001207.png,1
01/001208.png,1
02/001209.png,2
02/001210.png,2
02/001211.png,2
02/001212.png,2
01/001213.png,1
02/001214.png,2
02/001215.png,2
02/001216.png,2
04/001217.png,4
01/001218.png,1
01/001219.png,1
02/001220.png,2
01/001221.png,1
01/001222.png,1
01/001223.png,1
01/001224.png,1
01/001225.png,1
03/001226.png,3
02/001227.png,2
04/001228.png,4
01/001229.png,1
02/001230.png,2
02/001231.png,2
01/001232.png,1
02/001233.png,2
01/001234.png,1
01/001235.png,1
01/001236.png,1
02/001237.png,2
02/001238.png,2
04/001239.png,4
02/001240.png,2
04/001241.png,4
03/001242.png,3
01/001243.png,1
04/001244.png,4
04/001245.png,4
02/001246.png,2
01/001247.png,1
02/001248.png,2
04/001249.png,4
01/001250.png,1
01/001251.png,1
03/001252.png,3
04/001253.png,4
02/001254.png,2
02/001255.png,2
01/001256.png,1
01/001257.png,1
01/001258.png,1
02/001259.png,2
01/001260.png,1
01/001261.png,1
01/001262.png,1
04/001263.png,4
01/001264.png,1
01/001265.png,1
02/001266.png,2
02/001267.png,2
02/001268.png,2
02/001269.png,2
01/001270.png,1
01/001271.png,1
01/001272.png,1
04/001273.png,4
02/001274.png,2
01/001275.png,1
04/001276.png,4
01/001277.png,1
02/001278.png,2
04/001279.png,4
01/001280.png,1
02/001281.png,2
04/001282.png,4
01/001283.png,1
01/001284.png,1
01/001285.png,1
02/001286.png,2
02/001287.png,2
04/001288.png,4
01/001289.png,1
02/001290.png,2
02/001291.png,2
01/001292.png,1
02/001293.png,2
02/001294.png,2
02/001295.png,2
01/001296.png,1
03/001297.png,3
02/001298.png,2
01/001299.png,1
02/001300.png,2
04/001301.png,4
02/001302.png,2
02/001303.png,2
01/001304.png,1
01/001305.png,1
02/001306.png,2
02/001307.png,2
02/001308.png,2
03/001309.png,3
04/001310.png,4
02/001311.png,2
01/001312.png,1
03/001313.png,3
04/001314.png,4
01/001315.png,1
02/001316.png,2
02/001317.png,2
01/001318.png,1
04/001319.png,4
03/001320.png,3
02/001321.png,2
02/001322.png,2
02/001323.png,2
01/001324.png,1
02/001325.png,2
02/001326.png,2
01/001327.png,1
04/001328.png,4
01/001329.png,1
04/001330.png,4
02/001331.png,2
01/001332.png,1
02/001333.png,2
02/001334.png,2
02/001335.png,2
02/001336.png,2
04/001337.png,4
02/001338.png,2
04/001339.png,4
01/001340.png,1
02/001341.png,2
01/001342.png,1
01/001343.png,1
02/001344.png,2
02/001345.png,2
02/001346.png,2
01/001347.png,1
02/001348.png,2
02/001349.png,2
01/001350.png,1
02/001351.png,2
01/001352.png,1
02/001353.png,2
01/001354.png,1
04/001355.png,4
01/001356.png,1
02/001357.png,2
04/001358.png,4
02/001359.png,2
02/001360.png,2
02/001361.png,2
01/001362.png,1
02/001363.png,2
04/001364.png,4
02/001365.png,2
01/001366.png,1
01/001367.png,1
02/001368.png,2
02/001369.png,2
01/001370.png,1
01/001371.png,1
01/001372.png,1
02/001373.png,2
01/001374.png,1
02/001375.png,2
01/001376.png,1
03/001377.png,3
01/001378.png,1
02/001379.png,2
01/001380.png,1
01/001381.png,1
01/001382.png,1
02/001383.png,2
01/001384.png,1
02/001385.png,2
04/001386.png,4
04/001387.png,4
04/001388.png,4
02/001389.png,2
03/001390.png,3
02/001391.png,2
01/001392.png,1
01/001393.png,1
02/001394.png,2
02/001395.png,2
03/001396.png,3
03/001397.png,3
01/001398.png,1
02/001399.png,2
01/001400.png,1
02/001401.png,2
04/001402.png,4
02/001403.png,2
02/001404.png,2
01/001405.png,1
01/001406.png,1
01/001407.png,1
01/001408.png,1
01/001409.png,1
02/001410.png,2
02/001411.png,2
04/001412.png,4
01/001413.png,1
01/001414.png,1
01/001415.png,1
01/001416.png,1
01/001417.png,1
04/001418.png,4
04/001419.png,4
02/001420.png,2
01/001421.png,1
01/001422.png,1
01/001423.png,1
02/001424.png,2
01/001425.png,1
04/001426.png,4
04/001427.png,4
02/001428.png,2
01/001429.png,1
02/001430.png,2
03/001431.png,3
03/001432.png,3
01/001433.png,1
01/001434.png,1
03/001435.png,3
01/001436.png,1
01/001437.png,1
02/001438.png,2
01/001439.png,1
04/001440.png,4
02/001441.png,2
01/001442.png,1
04/001443.png,4
01/001444.png,1
02/001445.png,2
02/001446.png,2
01/001447.png,1
01/001448.png,1
02/001449.png,2
01/001450.png,1
01/001451.png,1
01/001452.png,1
01/001453.png,1
02/001454.png,2
01/001455.png,1
02/001456.png,2
02/001457.png,2
03/001458.png,3
01/001459.png,1
02/001460.png,2
02/001461.png,2
01/001462.png,1
01/001463.png,1
01/001464.png,1
02/001465.png,2
02/001466.png,2
01/001467.png,1
01/001468.png,1
01/001469.png,1
04/001470.png,4
02/001471.png,2
03/001472.png,3
01/001473.png,1
04/001474.png,4
01/001475.png,1
01/001476.png,1
01/001477.png,1
02/001478.png,2
01/001479.png,1
01/001480.png,1
01/001481.png,1
02/001482.png,2
02/001483.png,2
02/001484.png,2
02/001485.png,2
01/001486.png,1
04/001487.png,4
02/001488.png,2
02/001489.png,2
01/001490.png,1
01/001491.png,1
01/001492.png,1
01/001493.png,1
02/001494.png,2
01/001495.png,1
01/001496.png,1
01/001497.png,1
01/001498.png,1
02/001499.png,2
02/001500.png,2
01/001501.png,1
01/001502.png,1
03/001503.png,3
02/001504.png,2
02/001505.png,2
02/001506.png,2
01/001507.png,1
01/001508.png,1
04/001509.png,4
02/001510.png,2
01/001511.png,1
03/001512.png,3
03/001513.png,3
01/001514.png,1
01/001515.png,1
01/001516.png,1
02/001517.png,2
01/001518.png,1
01/001519.png,1
02/001520.png,2
01/001521.png,1
01/001522.png,1
02/001523.png,2
02/001524.png,2
01/001525.png,1
03/001526.png,3
03/001527.png,3
02/001528.png,2
01/001529.png,1
02/001530.png,2
01/001531.png,1
01/001532.png,1
02/001533.png,2
03/001534.png,3
01/001535.png,1
04/001536.png,4
01/001537.png,1
02/001538.png,2
04/001539.png,4
02/001540.png,2
02/001541.png,2
02/001542.png,2
02/001543.png,2
02/001544.png,2
04/001545.png,4
02/001546.png,2
04/001547.png,4
04/001548.png,4
02/001549.png,2
02/001550.png,2
01/001551.png,1
04/001552.png,4
04/001553.png,4
04/001554.png,4
04/001555.png,4
02/001556.png,2
02/001557.png,2
02/001558.png,2
01/001559.png,1
02/001560.png,2
01/001561.png,1
01/001562.png,1
01/001563.png,1
04/001564.png,4
01/001565.png,1
01/001566.png,1
02/001567.png,2
02/001568.png,2
03/001569.png,3
03/001570.png,3
02/001571.png,2
02/001572.png,2
01/001573.png,1
02/001574.png,2
01/001575.png,1
01/001576.png,1
01/001577.png,1
01/001578.png,1
02/001579.png,2
02/001580.png,2
01/001581.png,1
04/001582.png,4
01/001583.png,1
02/001584.png,2
02/001585.png,2
01/001586.png,1
02/001587.png,2
01/001588.png,1
01/001589.png,1
01/001590.png,1
03/001591.png,3
01/001592.png,1
04/001593.png,4
02/001594.png,2
01/001595.png,1
04/001596.png,4
02/001597.png,2
01/001598.png,1
01/001599.png,1
04/001600.png,4
01/001601.png,1
02/001602.png,2
02/001603.png,2
04/001604.png,4
02/001605.png,2
01/001606.png,1
01/001607.png,1
01/001608.png,1
02/001609.png,2
01/001610.png,1
02/001611.png,2
04/001612.png,4
02/001613.png,2
02/001614.png,2
02/001615.png,2
02/001616.png,2
01/001617.png,1
02/001618.png,2
02/001619.png,2
03/001620.png,3
01/001621.png,1
01/001622.png,1
01/001623.png,1
04/001624.png,4
02/001625.png,2
02/001626.png,2
01/001627.png,1
04/001628.png,4
01/001629.png,1
02/001630.png,2
02/001631.png,2
01/001632.png,1
01/001633.png,1
01/001634.png,1
02/001635.png,2
03/001636.png,3
01/001637.png,1
04/001638.png,4
02/001639.png,2
02/001640.png,2
01/001641.png,1
01/001642.png,1
02/001643.png,2
04/001644.png,4
03/001645.png,3
01/001646.png,1
04/001647.png,4
01/001648.png,1
01/001649.png,1
01/001650.png,1
02/001651.png,2
01/001652.png,1
02/001653.png,2
02/001654.png,2
01/001655.png,1
01/001656.png,1
03/001657.png,3
01/001658.png,1
02/001659.png,2
02/001660.png,2
02/001661.png,2
02/001662.png,2
01/001663.png,1
01/001664.png,1
03/001665.png,3
01/001666.png,1
04/001667.png,4
01/001668.png,1
02/001669.png,2
02/001670.png,2
02/001671.png,2
02/001672.png,2
01/001673.png,1
01/001674.png,1
01/001675.png,1
01/001676.png,1
02/001677.png,2
02/001678.png,2
01/001679.png,1
04/001680.png,4
01/001681.png,1
02/001682.png,2
04/001683.png,4
01/001684.png,1
02/001685.png,2
02/001686.png,2
02/001687.png,2
03/001688.png,3
01/001689.png,1
02/001690.png,2
02/001691.png,2
02/001692.png,2
02/001693.png,2
01/001694.png,1
01/001695.png,1
02/001696.png,2
02/001697.png,2
02/001698.png,2
01/001699.png,1
04/001700.png,4
02/001701.png,2
02/001702.png,2
04/001703.png,4
02/001704.png,2
02/001705.png,2
02/001706.png,2
02/001707.png,2
02/001708.png,2
02/001709.png,2
01/001710.png,1
01/001711.png,1
04/001712.png,4
02/001713.png,2
01/001714.png,1
01/001715.png,1
03/001716.png,3
02/001717.png,2
02/001718.png,2
04/001719.png,4
01/001720.png,1
02/001721.png,2
01/001722.png,1
04/001723.png,4
01/001724.png,1
01/001725.png,1
03/001726.png,3
01/001727.png,1
04/001728.png,4
01/001729.png,1
02/001730.png,2
04/001731.png,4
03/001732.png,3
02/001733.png,2
01/001734.png,1
02/001735.png,2
02/001736.png,2
02/001737.png,2
02/001738.png,2
02/001739.png,2
02/001740.png,2
02/001741.png,2
02/001742.png,2
01/001743.png,1
01/001744.png,1
01/001745.png,1
02/001746.png,2
02/001747.png,2
02/001748.png,2
02/001749.png,2
01/001750.png,1
04/001751.png,4
02/001752.png,2
02/001753.png,2
04/001754.png,4
02/001755.png,2
04/001756.png,4
02/001757.png,2
02/001758.png,2
01/001759.png,1
01/001760.png,1
02/001761.png,2
01/001762.png,1
02/001763.png,2
04/001764.png,4
03/001765.png,3
04/001766.png,4
01/001767.png,1
01/001768.png,1
01/001769.png,1
04/001770.png,4
02/001771.png,2
04/001772.png,4
01/001773.png,1
02/001774.png,2
02/001775.png,2
02/001776.png,2
01/001777.png,1
04/001778.png,4
01/001779.png,1
01/001780.png,1
04/001781.png,4
02/001782.png,2
01/001783.png,1
01/001784.png,1
01/001785.png,1
04/001786.png,4
03/001787.png,3
01/001788.png,1
02/001789.png,2
01/001790.png,1
01/001791.png,1
01/001792.png,1
01/001793.png,1
02/001794.png,2
02/001795.png,2
01/001796.png,1
02/001797.png,2
01/001798.png,1
02/001799.png,2
02/001800.png,2
04/001801.png,4
01/001802.png,1
04/001803.png,4
03/001804.png,3
01/001805.png,1
01/001806.png,1
01/001807.png,1
02/001808.png,2
04/001809.png,4
01/001810.png,1
02/001811.png,2
01/001812.png,1
01/001813.png,1
02/001814.png,2
01/001815.png,1
02/001816.png,2
04/001817.png,4
01/001818.png,1
01/001819.png,1
01/001820.png,1
03/001821.png,3
04/001822.png,4
03/001823.png,3
03/001824.png,3
02/001825.png,2
02/001826.png,2
02/001827.png,2
02/001828.png,2
02/001829.png,2
01/001830.png,1
01/001831.png,1
01/001832.png,1
02/001833.png,2
02/001834.png,2
01/001835.png,1
02/001836.png,2
01/001837.png,1
02/001838.png,2
02/001839.png,2
01/001840.png,1
04/001841.png,4
01/001842.png,1
01/001843.png,1
03/001844.png,3
02/001845.png,2
02/001846.png,2
02/001847.png,2
01/001848.png,1
04/001849.png,4
01/001850.png,1
02/001851.png,2
03/001852.png,3
02/001853.png,2
02/001854.png,2
02/001855.png,2
02/001856.png,2
01/001857.png,1
01/001858.png,1
01/001859.png,1
01/001860.png,1
02/001861.png,2
02/001862.png,2
01/001863.png,1
02/001864.png,2
01/001865.png,1
02/001866.png,2
02/001867.png,2
01/001868.png,1
02/001869.png,2
02/001870.png,2
02/001871.png,2
02/001872.png,2
02/001873.png,2
01/001874.png,1
02/001875.png,2
01/001876.png,1
04/001877.png,4
03/001878.png,3
02/001879.png,2
04/001880.png,4
01/001881.png,1
02/001882.png,2
02/001883.png,2
01/001884.png,1
02/001885.png,2
01/001886.png,1
01/001887.png,1
02/001888.png,2
01/001889.png,1
04/001890.png,4
02/001891.png,2
04/001892.png,4
01/001893.png,1
04/001894.png,4
04/001895.png,4
02/001896.png,2
02/001897.png,2
02/001898.png,2
01/001899.png,1
04/001900.png,4
01/001901.png,1
04/001902.png,4
02/001903.png,2
01/001904.png,1
01/001905.png,1
01/001906.png,1
02/001907.png,2
02/001908.png,2
01/001909.png,1
01/001910.png,1
01/001911.png,1
01/001912.png,1
01/001913.png,1
02/001914.png,2
02/001915.png,2
04/001916.png,4
02/001917.png,2
02/001918.png,2
01/001919.png,1
04/001920.png,4
01/001921.png,1
02/001922.png,2
02/001923.png,2
02/001924.png,2
02/001925.png,2
01/001926.png,1
01/001927.png,1
02/001928.png,2
02/001929.png,2
02/001930.png,2
01/001931.png,1
02/001932.png,2
02/001933.png,2
01/001934.png,1
02/001935.png,2
01/001936.png,1
02/001937.png,2
03/001938.png,3
04/001939.png,4
02/001940.png,2
02/001941.png,2
01/001942.png,1
01/001943.png,1
04/001944.png,4
04/001945.png,4
02/001946.png,2
01/001947.png,1
01/001948.png,1
02/001949.png,2
01/001950.png,1
01/001951.png,1
04/001952.png,4
02/001953.png,2
01/001954.png,1
01/001955.png,1
01/001956.png,1
02/001957.png,2
04/001958.png,4
04/001959.png,4
02/001960.png,2
01/001961.png,1
01/001962.png,1
01/001963.png,1
02/001964.png,2
01/001965.png,1
01/001966.png,1
01/001967.png,1
02/001968.png,2
01/001969.png,1
02/001970.png,2
02/001971.png,2
01/001972.png,1
02/001973.png,2
03/001974.png,3
01/001975.png,1
01/001976.png,1
02/001977.png,2
04/001978.png,4
04/001979.png,4
01/001980.png,1
02/001981.png,2
02/001982.png,2
01/001983.png,1
01/001984.png,1
01/001985.png,1
01/001986.png,1
01/001987.png,1
01/001988.png,1
02/001989.png,2
01/001990.png,1
03/001991.png,3
02/001992.png,2
01/001993.png,1
02/001994.png,2
01/001995.png,1
01/001996.png,1
04/001997.png,4
04/001998.png,4
01/001999.png,1
04/002000.png,4
03/002001.png,3
01/002002.png,1
02/002003.png,2
04/002004.png,4
02/002005.png,2
01/002006.png,1
02/002007.png,2
01/002008.png,1
01/002009.png,1
02/002010.png,2
01/002011.png,1
01/002012.png,1
02/002013.png,2
02/002014.png,2
02/002015.png,2
04/002016.png,4
01/002017.png,1
01/002018.png,1
01/002019.png,1
01/002020.png,1
02/002021.png,2
01/002022.png,1
02/002023.png,2
02/002024.png,2
04/002025.png,4
02/002026.png,2
01/002027.png,1
02/002028.png,2
04/002029.png,4
02/002030.png,2
01/002031.png,1
04/002032.png,4
04/002033.png,4
01/002034.png,1
04/002035.png,4
04/002036.png,4
04/002037.png,4
01/002038.png,1
02/002039.png,2
02/002040.png,2
02/002041.png,2
02/002042.png,2
01/002043.png,1
01/002044.png,1
01/002045.png,1
04/002046.png,4
02/002047.png,2
02/002048.png,2
01/002049.png,1
01/002050.png,1
02/002051.png,2
02/002052.png,2
02/002053.png,2
02/002054.png,2
04/002055.png,4
01/002056.png,1
01/002057.png,1
02/002058.png,2
02/002059.png,2
02/002060.png,2
04/002061.png,4
04/002062.png,4
02/002063.png,2
01/002064.png,1
04/002065.png,4
01/002066.png,1
02/002067.png,2
04/002068.png,4
02/002069.png,2
01/002070.png,1
01/002071.png,1
01/002072.png,1
02/002073.png,2
03/002074.png,3
04/002075.png,4
03/002076.png,3
01/002077.png,1
01/002078.png,1
02/002079.png,2
01/002080.png,1
04/002081.png,4
01/002082.png,1
04/002083.png,4
02/002084.png,2
04/002085.png,4
02/002086.png,2
02/002087.png,2
01/002088.png,1
03/002089.png,3
01/002090.png,1
02/002091.png,2
01/002092.png,1
02/002093.png,2
02/002094.png,2
03/002095.png,3
02/002096.png,2
02/002097.png,2
04/002098.png,4
04/002099.png,4
02/002100.png,2
01/002101.png,1
02/002102.png,2
01/002103.png,1
02/002104.png,2
04/002105.png,4
03/002106.png,3
02/002107.png,2
02/002108.png,2
02/002109.png,2
02/002110.png,2
01/002111.png,1
01/002112.png,1
02/002113.png,2
02/002114.png,2
04/002115.png,4
01/002116.png,1
02/002117.png,2
04/002118.png,4
01/002119.png,1
02/002120.png,2
02/002121.png,2
04/002122.png,4
01/002123.png,1
02/002124.png,2
03/002125.png,3
03/002126.png,3
01/002127.png,1
01/002128.png,1
01/002129.png,1
01/002130.png,1
04/002131.png,4
02/002132.png,2
01/002133.png,1
01/002134.png,1
01/002135.png,1
02/002136.png,2
04/002137.png,4
01/002138.png,1
01/002139.png,1
03/002140.png,3
01/002141.png,1
01/002142.png,1
02/002143.png,2
02/002144.png,2
02/002145.png,2
01/002146.png,1
01/002147.png,1
02/002148.png,2
02/002149.png,2
02/002150.png,2
02/002151.png,2
01/002152.png,1
02/002153.png,2
01/002154.png,1
01/002155.png,1
01/002156.png,1
02/002157.png,2
02/002158.png,2
01/002159.png,1
02/002160.png,2
01/002161.png,1
01/002162.png,1
02/002163.png,2
02/002164.png,2
03/002165.png,3
02/002166.png,2
02/002167.png,2
01/002168.png,1
01/002169.png,1
02/002170.png,2
02/002171.png,2
02/002172.png,2
04/002173.png,4
01/002174.png,1
02/002175.png,2
02/002176.png,2
01/002177.png,1
01/002178.png,1
01/002179.png,1
02/002180.png,2
02/002181.png,2
03/002182.png,3
04/002183.png,4
02/002184.png,2
02/002185.png,2
01/002186.png,1
01/002187.png,1
01/002188.png,1
02/002189.png,2
02/002190.png,2
01/002191.png,1
01/002192.png,1
02/002193.png,2
01/002194.png,1
02/002195.png,2
02/002196.png,2
02/002197.png,2
01/002198.png,1
02/002199.png,2
01/002200.png,1
01/002201.png,1
01/002202.png,1
04/002203.png,4
04/002204.png,4
01/002205.png,1
01/002206.png,1
01/002207.png,1
01/002208.png,1
02/002209.png,2
03/002210.png,3
02/002211.png,2
04/002212.png,4
01/002213.png,1
01/002214.png,1
01/002215.png,1
01/002216.png,1
03/002217.png,3
02/002218.png,2
02/002219.png,2
01/002220.png,1
02/002221.png,2
01/002222.png,1
03/002223.png,3
01/002224.png,1
01/002225.png,1
02/002226.png,2
01/002227.png,1
02/002228.png,2
01/002229.png,1
01/002230.png,1
01/002231.png,1
01/002232.png,1
01/002233.png,1
02/002234.png,2
02/002235.png,2
01/002236.png,1
04/002237.png,4
01/002238.png,1
02/002239.png,2
01/002240.png,1
04/002241.png,4
01/002242.png,1
01/002243.png,1
02/002244.png,2
02/002245.png,2
01/002246.png,1
01/002247.png,1
04/002248.png,4
02/002249.png,2
04/002250.png,4
02/002251.png,2
04/002252.png,4
02/002253.png,2
01/002254.png,1
01/002255.png,1
02/002256.png,2
02/002257.png,2
04/002258.png,4
01/002259.png,1
04/002260.png,4
01/002261.png,1
01/002262.png,1
02/002263.png,2
03/002264.png,3
02/002265.png,2
02/002266.png,2
03/002267.png,3
02/002268.png,2
02/002269.png,2
02/002270.png,2
02/002271.png,2
02/002272.png,2
02/002273.png,2
01/002274.png,1
01/002275.png,1
01/002276.png,1
01/002277.png,1
02/002278.png,2
02/002279.png,2
03/002280.png,3
01/002281.png,1
02/002282.png,2
01/002283.png,1
02/002284.png,2
02/002285.png,2
02/002286.png,2
04/002287.png,4
02/002288.png,2
02/002289.png,2
02/002290.png,2
01/002291.png,1
04/002292.png,4
02/002293.png,2
01/002294.png,1
01/002295.png,1
01/002296.png,1
04/002297.png,4
02/002298.png,2
01/002299.png,1
04/002300.png,4
02/002301.png,2
01/002302.png,1
01/002303.png,1
01/002304.png,1
02/002305.png,2
01/002306.png,1
04/002307.png,4
01/002308.png,1
03/002309.png,3
04/002310.png,4
01/002311.png,1
02/002312.png,2
04/002313.png,4
02/002314.png,2
02/002315.png,2
01/002316.png,1
03/002317.png,3
04/002318.png,4
02/002319.png,2
01/002320.png,1
02/002321.png,2
01/002322.png,1
03/002323.png,3
01/002324.png,1
02/002325.png,2
01/002326.png,1
02/002327.png,2
04/002328.png,4
02/002329.png,2
01/002330.png,1
02/002331.png,2
02/002332.png,2
02/002333.png,2
02/002334.png,2
01/002335.png,1
04/002336.png,4
03/002337.png,3
04/002338.png,4
04/002339.png,4
01/002340.png,1
01/002341.png,1
04/002342.png,4
01/002343.png,1
01/002344.png,1
04/002345.png,4
02/002346.png,2
02/002347.png,2
03/002348.png,3
04/002349.png,4
01/002350.png,1
01/002351.png,1
04/002352.png,4
02/002353.png,2
01/002354.png,1
01/002355.png,1
01/002356.png,1
02/002357.png,2
01/002358.png,1
01/002359.png,1
02/002360.png,2
02/002361.png,2
02/002362.png,2
03/002363.png,3
04/002364.png,4
02/002365.png,2
04/002366.png,4
02/002367.png,2
02/002368.png,2
02/002369.png,2
02/002370.png,2
01/002371.png,1
01/002372.png,1
01/002373.png,1
03/002374.png,3
04/002375.png,4
02/002376.png,2
04/002377.png,4
04/002378.png,4
04/002379.png,4
04/002380.png,4
04/002381.png,4
02/002382.png,2
02/002383.png,2
01/002384.png,1
02/002385.png,2
04/002386.png,4
01/002387.png,1
01/002388.png,1
01/002389.png,1
01/002390.png,1
04/002391.png,4
01/002392.png,1
02/002393.png,2
02/002394.png,2
02/002395.png,2
01/002396.png,1
01/002397.png,1
04/002398.png,4
02/002399.png,2
02/002400.png,2
01/002401.png,1
01/002402.png,1
02/002403.png,2
02/002404.png,2
01/002405.png,1
01/002406.png,1
03/002407.png,3
01/002408.png,1
02/002409.png,2
01/002410.png,1
02/002411.png,2
04/002412.png,4
01/002413.png,1
01/002414.png,1
04/002415.png,4
02/002416.png,2
01/002417.png,1
01/002418.png,1
02/002419.png,2
01/002420.png,1
04/002421.png,4
02/002422.png,2
03/002423.png,3
02/002424.png,2
04/002425.png,4
03/002426.png,3
02/002427.png,2
02/002428.png,2
02/002429.png,2
01/002430.png,1
02/002431.png,2
02/002432.png,2
01/002433.png,1
01/002434.png,1
04/002435.png,4
02/002436.png,2
01/002437.png,1
04/002438.png,4
01/002439.png,1
02/002440.png,2
01/002441.png,1
04/002442.png,4
02/002443.png,2
03/002444.png,3
02/002445.png,2
01/002446.png,1
01/002447.png,1
01/002448.png,1
04/002449.png,4
01/002450.png,1
01/002451.png,1
01/002452.png,1
02/002453.png,2
01/002454.png,1
02/002455.png,2
02/002456.png,2
01/002457.png,1
02/002458.png,2
02/002459.png,2
03/002460.png,3
03/002461.png,3
01/002462.png,1
02/002463.png,2
03/002464.png,3
01/002465.png,1
02/002466.png,2
02/002467.png,2
01/002468.png,1
01/002469.png,1
02/002470.png,2
01/002471.png,1
01/002472.png,1
04/002473.png,4
01/002474.png,1
02/002475.png,2
01/002476.png,1
04/002477.png,4
04/002478.png,4
02/002479.png,2
01/002480.png,1
02/002481.png,2
04/002482.png,4
02/002483.png,2
02/002484.png,2
03/002485.png,3
02/002486.png,2
02/002487.png,2
01/002488.png,1
01/002489.png,1
04/002490.png,4
01/002491.png,1
02/002492.png,2
02/002493.png,2
02/002494.png,2
01/002495.png,1
01/002496.png,1
02/002497.png,2
02/002498.png,2
01/002499.png,1
02/002500.png,2
01/002501.png,1
03/002502.png,3
01/002503.png,1
02/002504.png,2
02/002505.png,2
01/002506.png,1
01/002507.png,1
01/002508.png,1
03/002509.png,3
01/002510.png,1
01/002511.png,1
02/002512.png,2
04/002513.png,4
01/002514.png,1
01/002515.png,1
02/002516.png,2
04/002517.png,4
04/002518.png,4
01/002519.png,1
04/002520.png,4
01/002521.png,1
01/002522.png,1
03/002523.png,3
04/002524.png,4
01/002525.png,1
02/002526.png,2
02/002527.png,2
04/002528.png,4
02/002529.png,2
02/002530.png,2
04/002531.png,4
02/002532.png,2
01/002533.png,1
01/002534.png,1
01/002535.png,1
01/002536.png,1
04/002537.png,4
02/002538.png,2
01/002539.png,1
02/002540.png,2
02/002541.png,2
02/002542.png,2
01/002543.png,1
01/002544.png,1
04/002545.png,4
02/002546.png,2
02/002547.png,2
02/002548.png,2
02/002549.png,2
04/002550.png,4
04/002551.png,4
03/002552.png,3
01/002553.png,1
04/002554.png,4
01/002555.png,1
04/002556.png,4
02/002557.png,2
02/002558.png,2
01/002559.png,1
02/002560.png,2
02/002561.png,2
01/002562.png,1
02/002563.png,2
01/002564.png,1
02/002565.png,2
03/002566.png,3
02/002567.png,2
02/002568.png,2
02/002569.png,2
03/002570.png,3
02/002571.png,2
02/002572.png,2
01/002573.png,1
01/002574.png,1
03/002575.png,3
01/002576.png,1
04/002577.png,4
01/002578.png,1
02/002579.png,2
04/002580.png,4
02/002581.png,2
02/002582.png,2
04/002583.png,4
01/002584.png,1
02/002585.png,2
01/002586.png,1
01/002587.png,1
04/002588.png,4
02/002589.png,2
02/002590.png,2
02/002591.png,2
01/002592.png,1
01/002593.png,1
01/002594.png,1
03/002595.png,3
01/002596.png,1
02/002597.png,2
01/002598.png,1
01/002599.png,1
04/002600.png,4
02/002601.png,2
01/002602.png,1
01/002603.png,1
01/002604.png,1
04/002605.png,4
01/002606.png,1
04/002607.png,4
04/002608.png,4
02/002609.png,2
01/002610.png,1
02/002611.png,2
02/002612.png,2
02/002613.png,2
04/002614.png,4
04/002615.png,4
01/002616.png,1
01/002617.png,1
01/002618.png,1
01/002619.png,1
02/002620.png,2
01/002621.png,1
01/002622.png,1
02/002623.png,2
02/002624.png,2
02/002625.png,2
04/002626.png,4
02/002627.png,2
01/002628.png,1
04/002629.png,4
02/002630.png,2
02/002631.png,2
02/002632.png,2
01/002633.png,1
01/002634.png,1
01/002635.png,1
01/002636.png,1
02/002637.png,2
02/002638.png,2
01/002639.png,1
01/002640.png,1
01/002641.png,1
01/002642.png,1
01/002643.png,1
04/002644.png,4
02/002645.png,2
01/002646.png,1
02/002647.png,2
01/002648.png,1
01/002649.png,1
02/002650.png,2
01/002651.png,1
01/002652.png,1
04/002653.png,4
04/002654.png,4
02/002655.png,2
01/002656.png,1
01/002657.png,1
02/002658.png,2
02/002659.png,2
02/002660.png,2
01/002661.png,1
02/002662.png,2
01/002663.png,1
01/002664.png,1
03/002665.png,3
02/002666.png,2
02/002667.png,2
01/002668.png,1
02/002669.png,2
01/002670.png,1
02/002671.png,2
02/002672.png,2
01/002673.png,1
01/002674.png,1
01/002675.png,1
03/002676.png,3
04/002677.png,4
02/002678.png,2
02/002679.png,2
01/002680.png,1
04/002681.png,4
01/002682.png,1
03/002683.png,3
04/002684.png,4
01/002685.png,1
02/002686.png,2
01/002687.png,1
03/002688.png,3
04/002689.png,4
04/002690.png,4
01/002691.png,1
02/002692.png,2
04/002693.png,4
02/002694.png,2
01/002695.png,1
03/002696.png,3
02/002697.png,2
01/002698.png,1
02/002699.png,2
04/002700.png,4
04/002701.png,4
03/002702.png,3
01/002703.png,1
01/002704.png,1
04/002705.png,4
01/002706.png,1
01/002707.png,1
02/002708.png,2
01/002709.png,1
02/002710.png,2
01/002711.png,1
02/002712.png,2
04/002713.png,4
02/002714.png,2
02/002715.png,2
02/002716.png,2
04/002717.png,4
01/002718.png,1
02/002719.png,2
01/002720.png,1
01/002721.png,1
02/002722.png,2
03/002723.png,3
01/002724.png,1
04/002725.png,4
02/002726.png,2
04/002727.png,4
02/002728.png,2
04/002729.png,4
01/002730.png,1
02/002731.png,2
01/002732.png,1
01/002733.png,1
04/002734.png,4
02/002735.png,2
02/002736.png,2
04/002737.png,4
01/002738.png,1
02/002739.png,2
02/002740.png,2
04/002741.png,4
01/002742.png,1
02/002743.png,2
01/002744.png,1
01/002745.png,1
02/002746.png,2
02/002747.png,2
04/002748.png,4
04/002749.png,4
02/002750.png,2
02/002751.png,2
02/002752.png,2
01/002753.png,1
04/002754.png,4
04/002755.png,4
02/002756.png,2
01/002757.png,1
03/002758.png,3
04/002759.png,4
01/002760.png,1
01/002761.png,1
01/002762.png,1
01/002763.png,1
02/002764.png,2
02/002765.png,2
04/002766.png,4
02/002767.png,2
01/002768.png,1
02/002769.png,2
01/002770.png,1
01/002771.png,1
02/002772.png,2
01/002773.png,1
01/002774.png,1
02/002775.png,2
02/002776.png,2
01/002777.png,1
02/002778.png,2
01/002779.png,1
01/002780.png,1
02/002781.png,2
01/002782.png,1
03/002783.png,3
02/002784.png,2
01/002785.png,1
02/002786.png,2
01/002787.png,1
04/002788.png,4
04/002789.png,4
04/002790.png,4
01/002791.png,1
01/002792.png,1
02/002793.png,2
02/002794.png,2
01/002795.png,1
01/002796.png,1
01/002797.png,1
01/002798.png,1
02/002799.png,2
01/002800.png,1
04/002801.png,4
01/002802.png,1
02/002803.png,2
01/002804.png,1
02/002805.png,2
01/002806.png,1
02/002807.png,2
04/002808.png,4
04/002809.png,4
01/002810.png,1
04/002811.png,4
03/002812.png,3
02/002813.png,2
02/002814.png,2
04/002815.png,4
01/002816.png,1
03/002817.png,3
04/002818.png,4
01/002819.png,1
02/002820.png,2
04/002821.png,4
02/002822.png,2
01/002823.png,1
04/002824.png,4
02/002825.png,2
02/002826.png,2
02/002827.png,2
02/002828.png,2
01/002829.png,1
02/002830.png,2
02/002831.png,2
01/002832.png,1
02/002833.png,2
01/002834.png,1
02/002835.png,2
02/002836.png,2
01/002837.png,1
02/002838.png,2
01/002839.png,1
02/002840.png,2
01/002841.png,1
04/002842.png,4
01/002843.png,1
02/002844.png,2
02/002845.png,2
02/002846.png,2
02/002847.png,2
01/002848.png,1
02/002849.png,2
03/002850.png,3
01/002851.png,1
01/002852.png,1
03/002853.png,3
01/002854.png,1
02/002855.png,2
04/002856.png,4
01/002857.png,1
02/002858.png,2
02/002859.png,2
01/002860.png,1
01/002861.png,1
04/002862.png,4
04/002863.png,4
02/002864.png,2
01/002865.png,1
02/002866.png,2
02/002867.png,2
01/002868.png,1
04/002869.png,4
02/002870.png,2
01/002871.png,1
01/002872.png,1
01/002873.png,1
01/002874.png,1
01/002875.png,1
03/002876.png,3
01/002877.png,1
01/002878.png,1
02/002879.png,2
02/002880.png,2
02/002881.png,2
02/002882.png,2
01/002883.png,1
04/002884.png,4
03/002885.png,3
01/002886.png,1
02/002887.png,2
02/002888.png,2
02/002889.png,2
04/002890.png,4
02/002891.png,2
02/002892.png,2
01/002893.png,1
01/002894.png,1
02/002895.png,2
02/002896.png,2
04/002897.png,4
02/002898.png,2
01/002899.png,1
01/002900.png,1
03/002901.png,3
02/002902.png,2
02/002903.png,2
04/002904.png,4
04/002905.png,4
01/002906.png,1
02/002907.png,2
01/002908.png,1
01/002909.png,1
01/002910.png,1
01/002911.png,1
04/002912.png,4
01/002913.png,1
02/002914.png,2
01/002915.png,1
01/002916.png,1
01/002917.png,1
01/002918.png,1
01/002919.png,1
02/002920.png,2
01/002921.png,1
04/002922.png,4
04/002923.png,4
01/002924.png,1
04/002925.png,4
01/002926.png,1
02/002927.png,2
02/002928.png,2
04/002929.png,4
01/002930.png,1
01/002931.png,1
01/002932.png,1
03/002933.png,3
01/002934.png,1
03/002935.png,3
01/002936.png,1
02/002937.png,2
02/002938.png,2
02/002939.png,2
01/002940.png,1
02/002941.png,2
02/002942.png,2
01/002943.png,1
02/002944.png,2
04/002945.png,4
03/002946.png,3
04/002947.png,4
02/002948.png,2
01/002949.png,1
02/002950.png,2
02/002951.png,2
02/002952.png,2
01/002953.png,1
02/002954.png,2
04/002955.png,4
04/002956.png,4
02/002957.png,2
02/002958.png,2
01/002959.png,1
04/002960.png,4
02/002961.png,2
02/002962.png,2
01/002963.png,1
04/002964.png,4
02/002965.png,2
04/002966.png,4
01/002967.png,1
02/002968.png,2
01/002969.png,1
01/002970.png,1
01/002971.png,1
04/002972.png,4
01/002973.png,1
02/002974.png,2
02/002975.png,2
01/002976.png,1
01/002977.png,1
04/002978.png,4
02/002979.png,2
01/002980.png,1
04/002981.png,4
01/002982.png,1
01/002983.png,1
01/002984.png,1
01/002985.png,1
02/002986.png,2
04/002987.png,4
03/002988.png,3
02/002989.png,2
04/002990.png,4
03/002991.png,3
01/002992.png,1
01/002993.png,1
02/002994.png,2
01/002995.png,1
01/002996.png,1
01/002997.png,1
02/002998.png,2
02/002999.png,2
04/003000.png,4
01/003001.png,1
01/003002.png,1
01/003003.png,1
01/003004.png,1
01/003005.png,1
01/003006.png,1
01/003007.png,1
01/003008.png,1
01/003009.png,1
02/003010.png,2
04/003011.png,4
03/003012.png,3
04/003013.png,4
02/003014.png,2
01/003015.png,1
04/003016.png,4
02/003017.png,2
02/003018.png,2
03/003019.png,3
01/003020.png,1
04/003021.png,4
01/003022.png,1
04/003023.png,4
04/003024.png,4
01/003025.png,1
03/003026.png,3
01/003027.png,1
02/003028.png,2
01/003029.png,1
02/003030.png,2
01/003031.png,1
04/003032.png,4
03/003033.png,3
02/003034.png,2
02/003035.png,2
02/003036.png,2
03/003037.png,3
02/003038.png,2
01/003039.png,1
02/003040.png,2
01/003041.png,1
02/003042.png,2
02/003043.png,2
01/003044.png,1
02/003045.png,2
02/003046.png,2
02/003047.png,2
03/003048.png,3
02/003049.png,2
01/003050.png,1
01/003051.png,1
02/003052.png,2
02/003053.png,2
01/003054.png,1
02/003055.png,2
01/003056.png,1
02/003057.png,2
03/003058.png,3
02/003059.png,2
01/003060.png,1
04/003061.png,4
01/003062.png,1
02/003063.png,2
02/003064.png,2
04/003065.png,4
01/003066.png,1
02/003067.png,2
02/003068.png,2
01/003069.png,1
02/003070.png,2
04/003071.png,4
02/003072.png,2
01/003073.png,1
01/003074.png,1
01/003075.png,1
01/003076.png,1
02/003077.png,2
02/003078.png,2
01/003079.png,1
01/003080.png,1
01/003081.png,1
02/003082.png,2
01/003083.png,1
02/003084.png,2
04/003085.png,4
02/003086.png,2
01/003087.png,1
01/003088.png,1
02/003089.png,2
02/003090.png,2
01/003091.png,1
04/003092.png,4
04/003093.png,4
02/003094.png,2
01/003095.png,1
03/003096.png,3
02/003097.png,2
03/003098.png,3
02/003099.png,2
01/003100.png,1
02/003101.png,2
03/003102.png,3
01/003103.png,1
02/003104.png,2
02/003105.png,2
02/003106.png,2
02/003107.png,2
01/003108.png,1
03/003109.png,3
01/003110.png,1
01/003111.png,1
02/003112.png,2
02/003113.png,2
02/003114.png,2
02/003115.png,2
01/003116.png,1
01/003117.png,1
02/003118.png,2
02/003119.png,2
01/003120.png,1
01/003121.png,1
01/003122.png,1
01/003123.png,1
02/003124.png,2
01/003125.png,1
02/003126.png,2
01/003127.png,1
03/003128.png,3
01/003129.png,1
04/003130.png,4
03/003131.png,3
02/003132.png,2
02/003133.png,2
01/003134.png,1
01/003135.png,1
03/003136.png,3
01/003137.png,1
04/003138.png,4
02/003139.png,2
01/003140.png,1
01/003141.png,1
01/003142.png,1
01/003143.png,1
02/003144.png,2
01/003145.png,1
02/003146.png,2
01/003147.png,1
03/003148.png,3
02/003149.png,2
02/003150.png,2
01/003151.png,1
01/003152.png,1
04/003153.png,4
02/003154.png,2
03/003155.png,3
03/003156.png,3
01/003157.png,1
01/003158.png,1
02/003159.png,2
02/003160.png,2
04/003161.png,4
04/003162.png,4
02/003163.png,2
02/003164.png,2
01/003165.png,1
04/003166.png,4
02/003167.png,2
02/003168.png,2
04/003169.png,4
01/003170.png,1
03/003171.png,3
01/003172.png,1
01/003173.png,1
04/003174.png,4
01/003175.png,1
02/003176.png,2
02/003177.png,2
02/003178.png,2
01/003179.png,1
01/003180.png,1
02/003181.png,2
01/003182.png,1
04/003183.png,4
03/003184.png,3
04/003185.png,4
02/003186.png,2
01/003187.png,1
04/003188.png,4
02/003189.png,2
01/003190.png,1
01/003191.png,1
02/003192.png,2
01/003193.png,1
02/003194.png,2
02/003195.png,2
03/003196.png,3
04/003197.png,4
02/003198.png,2
02/003199.png,2
01/003200.png,1
01/003201.png,1
01/003202.png,1
02/003203.png,2
03/003204.png,3
01/003205.png,1
03/003206.png,3
02/003207.png,2
04/003208.png,4
02/003209.png,2
01/003210.png,1
04/003211.png,4
01/003212.png,1
04/003213.png,4
01/003214.png,1
02/003215.png,2
01/003216.png,1
01/003217.png,1
02/003218.png,2
02/003219.png,2
04/003220.png,4
02/003221.png,2
02/003222.png,2
02/003223.png,2
01/003224.png,1
01/003225.png,1
02/003226.png,2
01/003227.png,1
01/003228.png,1
02/003229.png,2
02/003230.png,2
04/003231.png,4
01/003232.png,1
02/003233.png,2
03/003234.png,3
02/003235.png,2
01/003236.png,1
01/003237.png,1
01/003238.png,1
02/003239.png,2
02/003240.png,2
04/003241.png,4
03/003242.png,3
02/003243.png,2
02/003244.png,2
01/003245.png,1
02/003246.png,2
04/003247.png,4
02/003248.png,2
01/003249.png,1
02/003250.png,2
01/003251.png,1
02/003252.png,2
01/003253.png,1
02/003254.png,2
02/003255.png,2
02/003256.png,2
01/003257.png,1
01/003258.png,1
02/003259.png,2
01/003260.png,1
02/003261.png,2
02/003262.png,2
02/003263.png,2
03/003264.png,3
01/003265.png,1
01/003266.png,1
04/003267.png,4
04/003268.png,4
02/003269.png,2
01/003270.png,1
02/003271.png,2
02/003272.png,2
02/003273.png,2
03/003274.png,3
03/003275.png,3
02/003276.png,2
02/003277.png,2
01/003278.png,1
04/003279.png,4
01/003280.png,1
02/003281.png,2
02/003282.png,2
01/003283.png,1
02/003284.png,2
01/003285.png,1
04/003286.png,4
01/003287.png,1
01/003288.png,1
01/003289.png,1
01/003290.png,1
01/003291.png,1
01/003292.png,1
01/003293.png,1
01/003294.png,1
04/003295.png,4
04/003296.png,4
01/003297.png,1
02/003298.png,2
04/003299.png,4
02/003300.png,2
02/003301.png,2
01/003302.png,1
04/003303.png,4
02/003304.png,2
02/003305.png,2
01/003306.png,1
02/003307.png,2
02/003308.png,2
01/003309.png,1
01/003310.png,1
03/003311.png,3
04/003312.png,4
02/003313.png,2
02/003314.png,2
04/003315.png,4
02/003316.png,2
01/003317.png,1
02/003318.png,2
01/003319.png,1
02/003320.png,2
01/003321.png,1
01/003322.png,1
01/003323.png,1
01/003324.png,1
01/003325.png,1
01/003326.png,1
01/003327.png,1
01/003328.png,1
01/003329.png,1
01/003330.png,1
02/003331.png,2
01/003332.png,1
02/003333.png,2
01/003334.png,1
04/003335.png,4
01/003336.png,1
01/003337.png,1
02/003338.png,2
02/003339.png,2
01/003340.png,1
01/003341.png,1
01/003342.png,1
04/003343.png,4
02/003344.png,2
04/003345.png,4
01/003346.png,1
02/003347.png,2
01/003348.png,1
01/003349.png,1
02/003350.png,2
01/003351.png,1
01/003352.png,1
02/003353.png,2
02/003354.png,2
02/003355.png,2
02/003356.png,2
01/003357.png,1
04/003358.png,4
04/003359.png,4
04/003360.png,4
02/003361.png,2
02/003362.png,2
02/003363.png,2
01/003364.png,1
02/003365.png,2
01/003366.png,1
04/003367.png,4
03/003368.png,3
02/003369.png,2
02/003370.png,2
04/003371.png,4
01/003372.png,1
02/003373.png,2
01/003374.png,1
04/003375.png,4
01/003376.png,1
04/003377.png,4
02/003378.png,2
02/003379.png,2
01/003380.png,1
04/003381.png,4
01/003382.png,1
04/003383.png,4
02/003384.png,2
02/003385.png,2
01/003386.png,1
01/003387.png,1
01/003388.png,1
01/003389.png,1
04/003390.png,4
02/003391.png,2
04/003392.png,4
02/003393.png,2
01/003394.png,1
01/003395.png,1
01/003396.png,1
01/003397.png,1
04/003398.png,4
02/003399.png,2
01/003400.png,1
02/003401.png,2
02/003402.png,2
01/003403.png,1
02/003404.png,2
02/003405.png,2
02/003406.png,2
04/003407.png,4
01/003408.png,1
02/003409.png,2
03/003410.png,3
03/003411.png,3
03/003412.png,3
02/003413.png,2
02/003414.png,2
02/003415.png,2
02/003416.png,2
01/003417.png,1
02/003418.png,2
02/003419.png,2
02/003420.png,2
01/003421.png,1
04/003422.png,4
02/003423.png,2
02/003424.png,2
04/003425.png,4
01/003426.png,1
01/003427.png,1
03/003428.png,3
01/003429.png,1
03/003430.png,3
02/003431.png,2
03/003432.png,3
03/003433.png,3
01/003434.png,1
04/003435.png,4
01/003436.png,1
02/003437.png,2
01/003438.png,1
02/003439.png,2
01/003440.png,1
02/003441.png,2
02/003442.png,2
01/003443.png,1
02/003444.png,2
02/003445.png,2
02/003446.png,2
02/003447.png,2
04/003448.png,4
01/003449.png,1
01/003450.png,1
02/003451.png,2
01/003452.png,1
02/003453.png,2
02/003454.png,2
02/003455.png,2
01/003456.png,1
01/003457.png,1
01/003458.png,1
01/003459.png,1
01/003460.png,1
02/003461.png,2
02/003462.png,2
02/003463.png,2
04/003464.png,4
02/003465.png,2
01/003466.png,1
02/003467.png,2
03/003468.png,3
03/003469.png,3
02/003470.png,2
01/003471.png,1
01/003472.png,1
01/003473.png,1
01/003474.png,1
04/003475.png,4
02/003476.png,2
04/003477.png,4
01/003478.png,1
02/003479.png,2
04/003480.png,4
01/003481.png,1
04/003482.png,4
01/003483.png,1
04/003484.png,4
04/003485.png,4
04/003486.png,4
02/003487.png,2
01/003488.png,1
01/003489.png,1
01/003490.png,1
